,Manufacturer,Model,Doors,numModel,normModel,normDoors
0,bmw,325td,4.0,29955,0.29866265935129904,0.6666666666666666
1,bmw,320i,2.0,44406,0.44440858479909634,0.0
2,bmw,540i,5.0,76053,0.7635852025173471,1.0
3,bmw,520i,5.0,52061,0.5216132806196546,1.0
4,bmw,316i,2.0,68673,0.6891540261416814,0.0
5,bmw,523i,5.0,19923,0.19748467000161368,1.0
6,bmw,318i,2.0,59721,0.5988684040664838,0.0
7,bmw,318i,4.0,59721,0.5988684040664838,0.6666666666666666
8,bmw,318i,4.0,59721,0.5988684040664838,0.6666666666666666
9,mercedes-benz,e_280,5.0,90219,0.9064567532677101,1.0
10,audi,a4_1.9_tdi,5.0,80016,0.8035541390995643,1.0
11,bmw,525tds,5.0,90061,0.9048632402775536,1.0
12,mercedes-benz,c_200,5.0,65013,0.6522410037114733,1.0
13,mercedes-benz,e_430,4.0,88221,0.886305873809908,0.6666666666666666
14,bmw,325tds,4.0,13021,0.12787437469743423,0.6666666666666666
15,vw,passat,4.0,74320,0.7461069872518961,0.6666666666666666
16,mercedes-benz,e_300_diesel,5.0,43515,0.43542238179764403,1.0
17,vw,golf,2.0,54017,0.5413405680167823,0.0
18,vw,passat,4.0,74320,0.7461069872518961,0.6666666666666666
19,audi,a4_1.6,4.0,31414,0.3133774406971115,0.6666666666666666
20,mercedes-benz,e_300_diesel,5.0,43515,0.43542238179764403,1.0
21,vw,golf,2.0,54017,0.5413405680167823,0.0
22,vw,passat,4.0,74320,0.7461069872518961,0.6666666666666666
23,vw,golf,2.0,54017,0.5413405680167823,0.0
24,bmw,m3,2.0,92162,0.9260529288365338,0.0
25,vw,golf,2.0,54017,0.5413405680167823,0.0
26,bmw,320i,2.0,44406,0.44440858479909634,0.0
27,vw,golf,2.0,54017,0.5413405680167823,0.0
28,vw,golf,2.0,54017,0.5413405680167823,0.0
29,mercedes-benz,e_290_diesel,5.0,52482,0.525859286751654,1.0
30,vw,passat,5.0,74320,0.7461069872518961,1.0
31,mercedes-benz,slk_230_kompressor,2.0,26427,0.26308092625463936,0.0
32,mercedes-benz,c_250_diesel,5.0,80615,0.8095953687268033,1.0
33,bmw,528i,4.0,59600,0.597648055510731,0.6666666666666666
34,vw,golf,2.0,54017,0.5413405680167823,0.0
35,vw,golf,2.0,54017,0.5413405680167823,0.0
36,bmw,318i,2.0,59721,0.5988684040664838,0.0
37,mercedes-benz,e_200,5.0,42307,0.4232390672906245,1.0
38,vw,golf,5.0,54017,0.5413405680167823,1.0
39,vw,golf,2.0,54017,0.5413405680167823,0.0
40,bmw,z3_2.8,2.0,96769,0.972516943682427,0.0
41,bmw,535i,4.0,50683,0.5077154268194287,0.6666666666666666
42,mercedes-benz,c_200,4.0,65013,0.6522410037114733,0.6666666666666666
43,vw,golf,2.0,54017,0.5413405680167823,0.0
44,mercedes-benz,c_180,4.0,2141,0.01814385993222527,0.6666666666666666
45,vw,golf,5.0,54017,0.5413405680167823,1.0
46,vw,golf,2.0,54017,0.5413405680167823,0.0
47,mercedes-benz,e_290_diesel,4.0,52482,0.525859286751654,0.6666666666666666
48,bmw,318i,5.0,59721,0.5988684040664838,1.0
49,mercedes-benz,c_250_diesel,4.0,80615,0.8095953687268033,0.6666666666666666
50,bmw,318i,2.0,59721,0.5988684040664838,0.0
51,vw,passat,4.0,74320,0.7461069872518961,0.6666666666666666
52,mercedes-benz,e_300_diesel,5.0,43515,0.43542238179764403,1.0
53,vw,golf,2.0,54017,0.5413405680167823,0.0
54,vw,passat,5.0,74320,0.7461069872518961,1.0
55,vw,golf,2.0,54017,0.5413405680167823,0.0
56,bmw,328i,2.0,66588,0.6681257059867678,0.0
57,vw,passat,4.0,74320,0.7461069872518961,0.6666666666666666
58,bmw,z3_2.8,2.0,96769,0.972516943682427,0.0
59,mercedes-benz,c_220_diesel,4.0,88760,0.8917419719218977,0.6666666666666666
60,bmw,328i,5.0,66588,0.6681257059867678,1.0
61,mercedes-benz,e_280,5.0,90219,0.9064567532677101,1.0
62,vw,golf,2.0,54017,0.5413405680167823,0.0
63,bmw,328i,5.0,66588,0.6681257059867678,1.0
64,audi,a6_1.9_tdi,4.0,47038,0.47095368726803294,0.6666666666666666
65,mercedes-benz,e_430,5.0,88221,0.886305873809908,1.0
66,mercedes-benz,c_240,5.0,52095,0.521956188478296,1.0
67,bmw,328i,4.0,66588,0.6681257059867678,0.6666666666666666
68,bmw,318i,2.0,59721,0.5988684040664838,0.0
69,vw,golf,2.0,54017,0.5413405680167823,0.0
70,bmw,m3,2.0,92162,0.9260529288365338,0.0
71,bmw,318i,4.0,59721,0.5988684040664838,0.6666666666666666
72,bmw,323i,2.0,342,0.0,0.0
73,bmw,523i,5.0,19923,0.19748467000161368,1.0
74,bmw,316i,2.0,68673,0.6891540261416814,0.0
75,mercedes-benz,c_220_diesel,5.0,88760,0.8917419719218977,1.0
76,bmw,328i,2.0,66588,0.6681257059867678,0.0
77,bmw,528i,4.0,59600,0.597648055510731,0.6666666666666666
78,bmw,m3,4.0,92162,0.9260529288365338,0.6666666666666666
79,vw,golf,2.0,54017,0.5413405680167823,0.0
80,mercedes-benz,c_280,4.0,86835,0.8723273358076489,0.6666666666666666
81,bmw,z3_1.9,2.0,87064,0.8746369210908504,0.0
82,mercedes-benz,e_220_diesel,4.0,87459,0.8786207035662418,0.6666666666666666
83,audi,a4_1.8,4.0,99494,1.0,0.6666666666666666
84,vw,passat,5.0,74320,0.7461069872518961,1.0
85,bmw,z3_1.8,2.0,63825,0.6402593997095368,0.0
86,bmw,523i,4.0,19923,0.19748467000161368,0.6666666666666666
87,audi,a4_1.6,5.0,31414,0.3133774406971115,1.0
88,mercedes-benz,c_220_diesel,5.0,88760,0.8917419719218977,1.0
89,bmw,523i,5.0,19923,0.19748467000161368,1.0
90,mercedes-benz,e_430,5.0,88221,0.886305873809908,1.0
91,vw,golf,2.0,54017,0.5413405680167823,0.0
92,mercedes-benz,c_250_diesel,5.0,80615,0.8095953687268033,1.0
93,bmw,325td,4.0,29955,0.29866265935129904,0.6666666666666666
94,vw,golf,2.0,54017,0.5413405680167823,0.0
95,vw,golf,2.0,54017,0.5413405680167823,0.0
96,vw,golf,5.0,54017,0.5413405680167823,1.0
97,audi,a4_1.9_tdi,4.0,80016,0.8035541390995643,0.6666666666666666
98,mercedes-benz,e_300_diesel,4.0,43515,0.43542238179764403,0.6666666666666666
99,vw,golf,5.0,54017,0.5413405680167823,1.0
100,vw,golf,5.0,54017,0.5413405680167823,1.0
101,vw,golf,5.0,54017,0.5413405680167823,1.0
102,mercedes-benz,e_280,4.0,90219,0.9064567532677101,0.6666666666666666
103,bmw,328i,4.0,66588,0.6681257059867678,0.6666666666666666
104,bmw,328i,2.0,66588,0.6681257059867678,0.0
105,vw,golf,5.0,54017,0.5413405680167823,1.0
106,audi,a4_1.6,5.0,31414,0.3133774406971115,1.0
107,mercedes-benz,c_200,5.0,65013,0.6522410037114733,1.0
108,audi,a4_1.9_tdi,4.0,80016,0.8035541390995643,0.6666666666666666
109,vw,golf,2.0,54017,0.5413405680167823,0.0
110,vw,golf,2.0,54017,0.5413405680167823,0.0
111,bmw,540i,5.0,76053,0.7635852025173471,1.0
112,mercedes-benz,e_200,5.0,42307,0.4232390672906245,1.0
113,bmw,320i,4.0,44406,0.44440858479909634,0.6666666666666666
114,audi,a4_1.9_tdi,5.0,80016,0.8035541390995643,1.0
115,mercedes-benz,c_220_diesel,4.0,88760,0.8917419719218977,0.6666666666666666
116,vw,golf,2.0,54017,0.5413405680167823,0.0
117,vw,golf,5.0,54017,0.5413405680167823,1.0
118,vw,golf,5.0,54017,0.5413405680167823,1.0
119,bmw,323i,4.0,342,0.0,0.6666666666666666
120,mercedes-benz,e_290_diesel,4.0,52482,0.525859286751654,0.6666666666666666
121,bmw,523i,4.0,19923,0.19748467000161368,0.6666666666666666
122,bmw,m_roadster,2.0,50427,0.505133532354365,0.0
123,vw,golf,5.0,54017,0.5413405680167823,1.0
124,bmw,523i,4.0,19923,0.19748467000161368,0.6666666666666666
125,bmw,328i,2.0,66588,0.6681257059867678,0.0
126,bmw,328i,5.0,66588,0.6681257059867678,1.0
127,mercedes-benz,c_240,4.0,52095,0.521956188478296,0.6666666666666666
128,audi,a4_2.8,4.0,26436,0.26317169598192675,0.6666666666666666
129,bmw,328i,2.0,66588,0.6681257059867678,0.0
130,mercedes-benz,e_430,5.0,88221,0.886305873809908,1.0
131,bmw,525tds,4.0,90061,0.9048632402775536,0.6666666666666666
132,vw,golf,2.0,54017,0.5413405680167823,0.0
133,audi,a4_1.6,5.0,31414,0.3133774406971115,1.0
134,bmw,520i,4.0,52061,0.5216132806196546,0.6666666666666666
135,bmw,528i,5.0,59600,0.597648055510731,1.0
136,vw,golf,2.0,54017,0.5413405680167823,0.0
137,vw,golf,2.0,54017,0.5413405680167823,0.0
138,mercedes-benz,e_280,4.0,90219,0.9064567532677101,0.6666666666666666
139,bmw,540i,4.0,76053,0.7635852025173471,0.6666666666666666
140,mercedes-benz,e_320,5.0,78587,0.7891419235113765,1.0
141,mercedes-benz,e_300_diesel,4.0,43515,0.43542238179764403,0.6666666666666666
142,vw,golf,5.0,54017,0.5413405680167823,1.0
143,audi,a4_1.6,5.0,31414,0.3133774406971115,1.0
144,mercedes-benz,e_280,5.0,90219,0.9064567532677101,1.0
145,mercedes-benz,c_200,4.0,65013,0.6522410037114733,0.6666666666666666
146,vw,passat,4.0,74320,0.7461069872518961,0.6666666666666666
147,vw,golf,2.0,54017,0.5413405680167823,0.0
148,vw,golf,2.0,54017,0.5413405680167823,0.0
149,bmw,323i,2.0,342,0.0,0.0
150,vw,golf,2.0,54017,0.5413405680167823,0.0
151,vw,golf,2.0,54017,0.5413405680167823,0.0
152,mercedes-benz,c_280,4.0,86835,0.8723273358076489,0.6666666666666666
153,bmw,320i,2.0,44406,0.44440858479909634,0.0
154,vw,golf,2.0,54017,0.5413405680167823,0.0
155,vw,passat,4.0,74320,0.7461069872518961,0.6666666666666666
156,vw,golf,2.0,54017,0.5413405680167823,0.0
157,audi,a4_1.8,4.0,99494,1.0,0.6666666666666666
158,bmw,325td,4.0,29955,0.29866265935129904,0.6666666666666666
159,bmw,316i,2.0,68673,0.6891540261416814,0.0
160,audi,a4_1.9_tdi,4.0,80016,0.8035541390995643,0.6666666666666666
161,audi,a6_2.4,4.0,25764,0.2563942230111344,0.6666666666666666
162,bmw,m3,5.0,92162,0.9260529288365338,1.0
163,vw,golf,2.0,54017,0.5413405680167823,0.0
164,audi,a4_2.8,4.0,26436,0.26317169598192675,0.6666666666666666
165,vw,golf,5.0,54017,0.5413405680167823,1.0
166,audi,a4_1.9_tdi,4.0,80016,0.8035541390995643,0.6666666666666666
167,mercedes-benz,c_240,5.0,52095,0.521956188478296,1.0
168,vw,golf,5.0,54017,0.5413405680167823,1.0
169,mercedes-benz,e_430,4.0,88221,0.886305873809908,0.6666666666666666
170,vw,golf,5.0,54017,0.5413405680167823,1.0
171,vw,passat,4.0,74320,0.7461069872518961,0.6666666666666666
172,audi,a6_1.9_tdi,4.0,47038,0.47095368726803294,0.6666666666666666
173,mercedes-benz,c_180,4.0,2141,0.01814385993222527,0.6666666666666666
174,bmw,328i,2.0,66588,0.6681257059867678,0.0
175,bmw,325tds,4.0,13021,0.12787437469743423,0.6666666666666666
176,vw,golf,5.0,54017,0.5413405680167823,1.0
177,bmw,316i,5.0,68673,0.6891540261416814,1.0
178,bmw,z3_2.8,2.0,96769,0.972516943682427,0.0
179,audi,a4_1.8_t,4.0,53485,0.5359750685815717,0.6666666666666666
180,vw,golf,5.0,54017,0.5413405680167823,1.0
181,bmw,320i,5.0,44406,0.44440858479909634,1.0
182,mercedes-benz,c_240,5.0,52095,0.521956188478296,1.0
183,bmw,520i,4.0,52061,0.5216132806196546,0.6666666666666666
184,bmw,323i,2.0,342,0.0,0.0
185,bmw,328i,5.0,66588,0.6681257059867678,1.0
186,vw,golf,5.0,54017,0.5413405680167823,1.0
187,vw,golf,5.0,54017,0.5413405680167823,1.0
188,audi,a4_1.6,4.0,31414,0.3133774406971115,0.6666666666666666
189,bmw,523i,5.0,19923,0.19748467000161368,1.0
190,bmw,523i,4.0,19923,0.19748467000161368,0.6666666666666666
191,mercedes-benz,e_220_diesel,5.0,87459,0.8786207035662418,1.0
192,bmw,z3_1.9,2.0,87064,0.8746369210908504,0.0
193,mercedes-benz,c_200,4.0,65013,0.6522410037114733,0.6666666666666666
194,bmw,318i,2.0,59721,0.5988684040664838,0.0
195,audi,a4_1.8,4.0,99494,1.0,0.6666666666666666
196,audi,a4_2.8,4.0,26436,0.26317169598192675,0.6666666666666666
197,vw,passat,5.0,74320,0.7461069872518961,1.0
198,vw,passat,4.0,74320,0.7461069872518961,0.6666666666666666
199,mercedes-benz,e_320,4.0,78587,0.7891419235113765,0.6666666666666666
200,bmw,323i,2.0,342,0.0,0.0
201,vw,golf,5.0,54017,0.5413405680167823,1.0
202,vw,golf,2.0,54017,0.5413405680167823,0.0
203,mercedes-benz,c_230_kompressor,5.0,92575,0.9302182507664999,1.0
204,bmw,318i,4.0,59721,0.5988684040664838,0.6666666666666666
205,vw,golf,5.0,54017,0.5413405680167823,1.0
206,bmw,z3_2.8,2.0,96769,0.972516943682427,0.0
207,mercedes-benz,e_430,5.0,88221,0.886305873809908,1.0
208,mercedes-benz,e_200,4.0,42307,0.4232390672906245,0.6666666666666666
209,audi,a4_1.8_t,4.0,53485,0.5359750685815717,0.6666666666666666
210,bmw,z3_2.8,2.0,96769,0.972516943682427,0.0
211,audi,a4_1.8_t,4.0,53485,0.5359750685815717,0.6666666666666666
212,vw,golf,2.0,54017,0.5413405680167823,0.0
213,mercedes-benz,e_220_diesel,5.0,87459,0.8786207035662418,1.0
214,mercedes-benz,c_280,5.0,86835,0.8723273358076489,1.0
215,vw,golf,5.0,54017,0.5413405680167823,1.0
216,bmw,528i,5.0,59600,0.597648055510731,1.0
217,bmw,z3_2.8,2.0,96769,0.972516943682427,0.0
218,bmw,325tds,5.0,13021,0.12787437469743423,1.0
219,mercedes-benz,c_220_diesel,4.0,88760,0.8917419719218977,0.6666666666666666
220,bmw,z3_2.8,2.0,96769,0.972516943682427,0.0
221,bmw,m3,4.0,92162,0.9260529288365338,0.6666666666666666
222,vw,passat,4.0,74320,0.7461069872518961,0.6666666666666666
223,audi,a4_1.8_t,4.0,53485,0.5359750685815717,0.6666666666666666
224,vw,golf,2.0,54017,0.5413405680167823,0.0
225,vw,golf,2.0,54017,0.5413405680167823,0.0
226,bmw,318i,2.0,59721,0.5988684040664838,0.0
227,vw,golf,2.0,54017,0.5413405680167823,0.0
228,mercedes-benz,e_430,4.0,88221,0.886305873809908,0.6666666666666666
229,audi,a4_1.9_tdi,5.0,80016,0.8035541390995643,1.0
230,mercedes-benz,e_200,4.0,42307,0.4232390672906245,0.6666666666666666
231,bmw,325td,5.0,29955,0.29866265935129904,1.0
232,bmw,318i,4.0,59721,0.5988684040664838,0.6666666666666666
233,bmw,328i,2.0,66588,0.6681257059867678,0.0
234,bmw,540i,4.0,76053,0.7635852025173471,0.6666666666666666
235,mercedes-benz,c_200,5.0,65013,0.6522410037114733,1.0
236,vw,golf,5.0,54017,0.5413405680167823,1.0
237,mercedes-benz,e_220_diesel,5.0,87459,0.8786207035662418,1.0
238,audi,a4_1.8,4.0,99494,1.0,0.6666666666666666
239,audi,a6_2.8,4.0,93683,0.9413930127481039,0.6666666666666666
240,bmw,m_roadster,2.0,50427,0.505133532354365,0.0
241,vw,golf,2.0,54017,0.5413405680167823,0.0
242,bmw,m3,4.0,92162,0.9260529288365338,0.6666666666666666
243,bmw,535i,4.0,50683,0.5077154268194287,0.6666666666666666
244,audi,a4_1.9_tdi,4.0,80016,0.8035541390995643,0.6666666666666666
245,mercedes-benz,e_220_diesel,4.0,87459,0.8786207035662418,0.6666666666666666
246,vw,passat,4.0,74320,0.7461069872518961,0.6666666666666666
247,mercedes-benz,e_200,5.0,42307,0.4232390672906245,1.0
248,bmw,520i,5.0,52061,0.5216132806196546,1.0
249,bmw,325tds,5.0,13021,0.12787437469743423,1.0
250,vw,passat,5.0,74320,0.7461069872518961,1.0
251,bmw,316i,5.0,68673,0.6891540261416814,1.0
252,mercedes-benz,c_200,4.0,65013,0.6522410037114733,0.6666666666666666
253,vw,passat,5.0,74320,0.7461069872518961,1.0
254,vw,golf,5.0,54017,0.5413405680167823,1.0
255,bmw,523i,4.0,19923,0.19748467000161368,0.6666666666666666
256,mercedes-benz,slk_230_kompressor,2.0,26427,0.26308092625463936,0.0
257,mercedes-benz,c_230_kompressor,4.0,92575,0.9302182507664999,0.6666666666666666
258,bmw,323i,2.0,342,0.0,0.0
259,bmw,320i,4.0,44406,0.44440858479909634,0.6666666666666666
260,vw,golf,5.0,54017,0.5413405680167823,1.0
261,vw,passat,4.0,74320,0.7461069872518961,0.6666666666666666
262,bmw,320i,2.0,44406,0.44440858479909634,0.0
263,bmw,328i,4.0,66588,0.6681257059867678,0.6666666666666666
264,bmw,325td,4.0,29955,0.29866265935129904,0.6666666666666666
265,mercedes-benz,e_300_diesel,4.0,43515,0.43542238179764403,0.6666666666666666
266,bmw,318i,2.0,59721,0.5988684040664838,0.0
267,bmw,320i,4.0,44406,0.44440858479909634,0.6666666666666666
268,audi,a6_2.4,4.0,25764,0.2563942230111344,0.6666666666666666
269,vw,golf,2.0,54017,0.5413405680167823,0.0
270,bmw,z3_1.9,2.0,87064,0.8746369210908504,0.0
271,bmw,325tds,4.0,13021,0.12787437469743423,0.6666666666666666
272,mercedes-benz,e_200,4.0,42307,0.4232390672906245,0.6666666666666666
273,mercedes-benz,c_200,5.0,65013,0.6522410037114733,1.0
274,vw,passat,4.0,74320,0.7461069872518961,0.6666666666666666
275,bmw,535i,4.0,50683,0.5077154268194287,0.6666666666666666
276,vw,golf,2.0,54017,0.5413405680167823,0.0
277,audi,a4_1.9_tdi,4.0,80016,0.8035541390995643,0.6666666666666666
278,vw,passat,5.0,74320,0.7461069872518961,1.0
279,bmw,540i,4.0,76053,0.7635852025173471,0.6666666666666666
280,mercedes-benz,c_250_diesel,5.0,80615,0.8095953687268033,1.0
281,bmw,328i,2.0,66588,0.6681257059867678,0.0
282,vw,golf,5.0,54017,0.5413405680167823,1.0
283,bmw,316i,2.0,68673,0.6891540261416814,0.0
284,mercedes-benz,e_220_diesel,5.0,87459,0.8786207035662418,1.0
285,mercedes-benz,e_280,4.0,90219,0.9064567532677101,0.6666666666666666
286,bmw,316i,4.0,68673,0.6891540261416814,0.6666666666666666
287,vw,golf,2.0,54017,0.5413405680167823,0.0
288,bmw,m_roadster,2.0,50427,0.505133532354365,0.0
289,mercedes-benz,e_320,4.0,78587,0.7891419235113765,0.6666666666666666
290,vw,golf,2.0,54017,0.5413405680167823,0.0
291,vw,golf,2.0,54017,0.5413405680167823,0.0
292,vw,golf,5.0,54017,0.5413405680167823,1.0
293,mercedes-benz,e_200,5.0,42307,0.4232390672906245,1.0
294,audi,a4_2.8,5.0,26436,0.26317169598192675,1.0
295,mercedes-benz,c_180,4.0,2141,0.01814385993222527,0.6666666666666666
296,bmw,325td,4.0,29955,0.29866265935129904,0.6666666666666666
297,vw,golf,2.0,54017,0.5413405680167823,0.0
298,vw,golf,2.0,54017,0.5413405680167823,0.0
299,bmw,320i,2.0,44406,0.44440858479909634,0.0
300,mercedes-benz,e_220_diesel,5.0,87459,0.8786207035662418,1.0
301,vw,golf,2.0,54017,0.5413405680167823,0.0
302,bmw,320i,2.0,44406,0.44440858479909634,0.0
303,vw,golf,5.0,54017,0.5413405680167823,1.0
304,vw,golf,5.0,54017,0.5413405680167823,1.0
305,vw,golf,2.0,54017,0.5413405680167823,0.0
306,vw,golf,2.0,54017,0.5413405680167823,0.0
307,audi,a4_2.8,5.0,26436,0.26317169598192675,1.0
308,mercedes-benz,c_220_diesel,5.0,88760,0.8917419719218977,1.0
309,mercedes-benz,c_200,5.0,65013,0.6522410037114733,1.0
310,vw,golf,5.0,54017,0.5413405680167823,1.0
311,vw,golf,5.0,54017,0.5413405680167823,1.0
312,mercedes-benz,slk_200,2.0,88056,0.8846417621429724,0.0
313,mercedes-benz,e_430,5.0,88221,0.886305873809908,1.0
314,mercedes-benz,c_200,4.0,65013,0.6522410037114733,0.6666666666666666
315,audi,a4_1.8_t,5.0,53485,0.5359750685815717,1.0
316,mercedes-benz,c_240,4.0,52095,0.521956188478296,0.6666666666666666
317,bmw,316i,5.0,68673,0.6891540261416814,1.0
318,vw,passat,5.0,74320,0.7461069872518961,1.0
319,bmw,328i,4.0,66588,0.6681257059867678,0.6666666666666666
320,vw,golf,2.0,54017,0.5413405680167823,0.0
321,mercedes-benz,c_280,4.0,86835,0.8723273358076489,0.6666666666666666
322,bmw,318i,2.0,59721,0.5988684040664838,0.0
323,vw,golf,5.0,54017,0.5413405680167823,1.0
324,mercedes-benz,c_240,4.0,52095,0.521956188478296,0.6666666666666666
325,bmw,320i,2.0,44406,0.44440858479909634,0.0
326,vw,passat,5.0,74320,0.7461069872518961,1.0
327,bmw,z3_2.8,2.0,96769,0.972516943682427,0.0
328,bmw,320i,4.0,44406,0.44440858479909634,0.6666666666666666
329,mercedes-benz,c_280,4.0,86835,0.8723273358076489,0.6666666666666666
330,bmw,z3_1.9,2.0,87064,0.8746369210908504,0.0
331,vw,golf,2.0,54017,0.5413405680167823,0.0
332,mercedes-benz,c_250_diesel,4.0,80615,0.8095953687268033,0.6666666666666666
333,vw,passat,4.0,74320,0.7461069872518961,0.6666666666666666
334,mercedes-benz,e_220_diesel,5.0,87459,0.8786207035662418,1.0
335,vw,golf,2.0,54017,0.5413405680167823,0.0
336,audi,a4_2.8,5.0,26436,0.26317169598192675,1.0
337,vw,golf,5.0,54017,0.5413405680167823,1.0
338,bmw,520i,4.0,52061,0.5216132806196546,0.6666666666666666
339,bmw,328i,4.0,66588,0.6681257059867678,0.6666666666666666
340,bmw,m3,4.0,92162,0.9260529288365338,0.6666666666666666
341,bmw,523i,5.0,19923,0.19748467000161368,1.0
342,mercedes-benz,c_220_diesel,5.0,88760,0.8917419719218977,1.0
343,vw,golf,2.0,54017,0.5413405680167823,0.0
344,mercedes-benz,e_320,4.0,78587,0.7891419235113765,0.6666666666666666
345,vw,golf,5.0,54017,0.5413405680167823,1.0
346,vw,golf,2.0,54017,0.5413405680167823,0.0
347,bmw,523i,5.0,19923,0.19748467000161368,1.0
348,mercedes-benz,c_220_diesel,4.0,88760,0.8917419719218977,0.6666666666666666
349,mercedes-benz,e_220_diesel,4.0,87459,0.8786207035662418,0.6666666666666666
350,mercedes-benz,c_200,5.0,65013,0.6522410037114733,1.0
351,bmw,328i,4.0,66588,0.6681257059867678,0.6666666666666666
352,audi,a4_1.8_t,4.0,53485,0.5359750685815717,0.6666666666666666
353,audi,a4_1.9_tdi,4.0,80016,0.8035541390995643,0.6666666666666666
354,bmw,540i,5.0,76053,0.7635852025173471,1.0
355,audi,a4_1.8,5.0,99494,1.0,1.0
356,bmw,m3,5.0,92162,0.9260529288365338,1.0
357,mercedes-benz,e_200,5.0,42307,0.4232390672906245,1.0
358,mercedes-benz,e_280,5.0,90219,0.9064567532677101,1.0
359,vw,passat,5.0,74320,0.7461069872518961,1.0
360,vw,golf,2.0,54017,0.5413405680167823,0.0
361,bmw,320i,2.0,44406,0.44440858479909634,0.0
362,audi,a4_1.8_t,4.0,53485,0.5359750685815717,0.6666666666666666
363,bmw,325tds,5.0,13021,0.12787437469743423,1.0
364,audi,a6_2.4,4.0,25764,0.2563942230111344,0.6666666666666666
365,audi,a4_1.6,4.0,31414,0.3133774406971115,0.6666666666666666
366,vw,golf,2.0,54017,0.5413405680167823,0.0
367,vw,golf,5.0,54017,0.5413405680167823,1.0
368,bmw,323i,2.0,342,0.0,0.0
369,bmw,520i,4.0,52061,0.5216132806196546,0.6666666666666666
370,bmw,325td,5.0,29955,0.29866265935129904,1.0
371,vw,golf,5.0,54017,0.5413405680167823,1.0
372,bmw,320i,4.0,44406,0.44440858479909634,0.6666666666666666
373,bmw,323i,2.0,342,0.0,0.0
374,bmw,320i,2.0,44406,0.44440858479909634,0.0
375,bmw,520i,4.0,52061,0.5216132806196546,0.6666666666666666
376,vw,golf,5.0,54017,0.5413405680167823,1.0
377,bmw,320i,4.0,44406,0.44440858479909634,0.6666666666666666
378,audi,a4_2.8,4.0,26436,0.26317169598192675,0.6666666666666666
379,bmw,m_roadster,2.0,50427,0.505133532354365,0.0
380,vw,golf,5.0,54017,0.5413405680167823,1.0
381,vw,golf,2.0,54017,0.5413405680167823,0.0
382,vw,golf,5.0,54017,0.5413405680167823,1.0
383,mercedes-benz,c_220_diesel,4.0,88760,0.8917419719218977,0.6666666666666666
384,mercedes-benz,e_430,4.0,88221,0.886305873809908,0.6666666666666666
385,vw,golf,2.0,54017,0.5413405680167823,0.0
386,mercedes-benz,c_180,4.0,2141,0.01814385993222527,0.6666666666666666
387,bmw,523i,4.0,19923,0.19748467000161368,0.6666666666666666
388,mercedes-benz,c_230_kompressor,5.0,92575,0.9302182507664999,1.0
389,bmw,528i,5.0,59600,0.597648055510731,1.0
390,vw,golf,5.0,54017,0.5413405680167823,1.0
391,mercedes-benz,e_320,4.0,78587,0.7891419235113765,0.6666666666666666
392,mercedes-benz,e_430,4.0,88221,0.886305873809908,0.6666666666666666
393,audi,a4_2.8,4.0,26436,0.26317169598192675,0.6666666666666666
394,bmw,328i,2.0,66588,0.6681257059867678,0.0
395,bmw,318i,2.0,59721,0.5988684040664838,0.0
396,vw,golf,5.0,54017,0.5413405680167823,1.0
397,vw,golf,2.0,54017,0.5413405680167823,0.0
398,vw,golf,2.0,54017,0.5413405680167823,0.0
399,mercedes-benz,e_320,5.0,78587,0.7891419235113765,1.0
400,audi,a4_1.9_tdi,4.0,80016,0.8035541390995643,0.6666666666666666
401,bmw,525tds,5.0,90061,0.9048632402775536,1.0
402,audi,a6_1.9_tdi,4.0,47038,0.47095368726803294,0.6666666666666666
403,mercedes-benz,c_220_diesel,4.0,88760,0.8917419719218977,0.6666666666666666
404,bmw,528i,5.0,59600,0.597648055510731,1.0
405,audi,a4_1.8,5.0,99494,1.0,1.0
406,audi,a4_1.9_tdi,4.0,80016,0.8035541390995643,0.6666666666666666
407,bmw,523i,4.0,19923,0.19748467000161368,0.6666666666666666
408,bmw,316i,5.0,68673,0.6891540261416814,1.0
409,audi,a4_1.6,5.0,31414,0.3133774406971115,1.0
410,bmw,323i,4.0,342,0.0,0.6666666666666666
411,bmw,m3,5.0,92162,0.9260529288365338,1.0
412,mercedes-benz,c_180,4.0,2141,0.01814385993222527,0.6666666666666666
413,bmw,m3,2.0,92162,0.9260529288365338,0.0
414,audi,a6_1.8_t,4.0,8161,0.0788587219622398,0.6666666666666666
415,vw,golf,5.0,54017,0.5413405680167823,1.0
416,vw,golf,5.0,54017,0.5413405680167823,1.0
417,bmw,316i,2.0,68673,0.6891540261416814,0.0
418,bmw,316i,4.0,68673,0.6891540261416814,0.6666666666666666
419,bmw,535i,5.0,50683,0.5077154268194287,1.0
420,bmw,m_roadster,2.0,50427,0.505133532354365,0.0
421,vw,passat,4.0,74320,0.7461069872518961,0.6666666666666666
422,mercedes-benz,c_230_kompressor,4.0,92575,0.9302182507664999,0.6666666666666666
423,mercedes-benz,e_220_diesel,4.0,87459,0.8786207035662418,0.6666666666666666
424,vw,golf,2.0,54017,0.5413405680167823,0.0
425,vw,golf,2.0,54017,0.5413405680167823,0.0
426,audi,a4_1.9_tdi,5.0,80016,0.8035541390995643,1.0
427,bmw,525tds,5.0,90061,0.9048632402775536,1.0
428,vw,golf,5.0,54017,0.5413405680167823,1.0
429,vw,passat,4.0,74320,0.7461069872518961,0.6666666666666666
430,bmw,325td,4.0,29955,0.29866265935129904,0.6666666666666666
431,mercedes-benz,e_430,5.0,88221,0.886305873809908,1.0
432,bmw,m3,4.0,92162,0.9260529288365338,0.6666666666666666
433,mercedes-benz,slk_200,2.0,88056,0.8846417621429724,0.0
434,mercedes-benz,c_230_kompressor,5.0,92575,0.9302182507664999,1.0
435,vw,golf,2.0,54017,0.5413405680167823,0.0
436,mercedes-benz,e_320,5.0,78587,0.7891419235113765,1.0
437,bmw,525tds,4.0,90061,0.9048632402775536,0.6666666666666666
438,audi,a4_2.8,4.0,26436,0.26317169598192675,0.6666666666666666
439,audi,a6_2.8,4.0,93683,0.9413930127481039,0.6666666666666666
440,mercedes-benz,e_430,5.0,88221,0.886305873809908,1.0
441,vw,golf,2.0,54017,0.5413405680167823,0.0
442,bmw,325td,5.0,29955,0.29866265935129904,1.0
443,vw,golf,2.0,54017,0.5413405680167823,0.0
444,bmw,320i,4.0,44406,0.44440858479909634,0.6666666666666666
445,vw,golf,2.0,54017,0.5413405680167823,0.0
446,bmw,325td,4.0,29955,0.29866265935129904,0.6666666666666666
447,bmw,m3,5.0,92162,0.9260529288365338,1.0
448,vw,golf,2.0,54017,0.5413405680167823,0.0
449,bmw,323i,4.0,342,0.0,0.6666666666666666
450,vw,golf,5.0,54017,0.5413405680167823,1.0
451,bmw,323i,4.0,342,0.0,0.6666666666666666
452,vw,golf,2.0,54017,0.5413405680167823,0.0
453,audi,a6_2.8,4.0,93683,0.9413930127481039,0.6666666666666666
454,bmw,m_roadster,2.0,50427,0.505133532354365,0.0
455,bmw,535i,4.0,50683,0.5077154268194287,0.6666666666666666
456,vw,golf,2.0,54017,0.5413405680167823,0.0
457,mercedes-benz,c_230_kompressor,4.0,92575,0.9302182507664999,0.6666666666666666
458,bmw,320i,2.0,44406,0.44440858479909634,0.0
459,bmw,320i,2.0,44406,0.44440858479909634,0.0
460,audi,a6_1.8_t,4.0,8161,0.0788587219622398,0.6666666666666666
461,vw,golf,2.0,54017,0.5413405680167823,0.0
462,audi,a4_1.6,5.0,31414,0.3133774406971115,1.0
463,vw,golf,2.0,54017,0.5413405680167823,0.0
464,mercedes-benz,e_300_diesel,5.0,43515,0.43542238179764403,1.0
465,vw,passat,4.0,74320,0.7461069872518961,0.6666666666666666
466,bmw,318i,2.0,59721,0.5988684040664838,0.0
467,mercedes-benz,c_220_diesel,5.0,88760,0.8917419719218977,1.0
468,audi,a4_1.8,5.0,99494,1.0,1.0
469,mercedes-benz,c_180,4.0,2141,0.01814385993222527,0.6666666666666666
470,vw,golf,2.0,54017,0.5413405680167823,0.0
471,vw,golf,2.0,54017,0.5413405680167823,0.0
472,bmw,520i,4.0,52061,0.5216132806196546,0.6666666666666666
473,vw,golf,5.0,54017,0.5413405680167823,1.0
474,audi,a6_1.8_t,4.0,8161,0.0788587219622398,0.6666666666666666
475,bmw,535i,4.0,50683,0.5077154268194287,0.6666666666666666
476,vw,passat,4.0,74320,0.7461069872518961,0.6666666666666666
477,bmw,540i,5.0,76053,0.7635852025173471,1.0
478,audi,a4_1.8_t,5.0,53485,0.5359750685815717,1.0
479,bmw,325tds,4.0,13021,0.12787437469743423,0.6666666666666666
480,bmw,m3,4.0,92162,0.9260529288365338,0.6666666666666666
481,vw,golf,5.0,54017,0.5413405680167823,1.0
482,vw,golf,2.0,54017,0.5413405680167823,0.0
483,vw,golf,2.0,54017,0.5413405680167823,0.0
484,mercedes-benz,c_280,5.0,86835,0.8723273358076489,1.0
485,vw,passat,4.0,74320,0.7461069872518961,0.6666666666666666
486,vw,golf,2.0,54017,0.5413405680167823,0.0
487,mercedes-benz,e_290_diesel,5.0,52482,0.525859286751654,1.0
488,vw,golf,5.0,54017,0.5413405680167823,1.0
489,vw,golf,2.0,54017,0.5413405680167823,0.0
490,audi,a4_1.8_t,4.0,53485,0.5359750685815717,0.6666666666666666
491,vw,golf,5.0,54017,0.5413405680167823,1.0
492,bmw,325td,4.0,29955,0.29866265935129904,0.6666666666666666
493,bmw,323i,2.0,342,0.0,0.0
494,bmw,323i,4.0,342,0.0,0.6666666666666666
495,bmw,523i,5.0,19923,0.19748467000161368,1.0
496,bmw,z3_1.9,2.0,87064,0.8746369210908504,0.0
497,bmw,320i,2.0,44406,0.44440858479909634,0.0
498,audi,a4_1.8_t,4.0,53485,0.5359750685815717,0.6666666666666666
499,bmw,m_roadster,2.0,50427,0.505133532354365,0.0
500,bmw,323i,4.0,342,0.0,0.6666666666666666
501,bmw,323i,5.0,342,0.0,1.0
502,mercedes-benz,e_430,4.0,88221,0.886305873809908,0.6666666666666666
503,vw,passat,4.0,74320,0.7461069872518961,0.6666666666666666
504,vw,golf,5.0,54017,0.5413405680167823,1.0
505,vw,golf,2.0,54017,0.5413405680167823,0.0
506,mercedes-benz,e_320,4.0,78587,0.7891419235113765,0.6666666666666666
507,bmw,540i,4.0,76053,0.7635852025173471,0.6666666666666666
508,vw,passat,4.0,74320,0.7461069872518961,0.6666666666666666
509,vw,golf,5.0,54017,0.5413405680167823,1.0
510,bmw,320i,5.0,44406,0.44440858479909634,1.0
511,mercedes-benz,e_290_diesel,4.0,52482,0.525859286751654,0.6666666666666666
512,audi,a4_1.8,4.0,99494,1.0,0.6666666666666666
513,vw,golf,2.0,54017,0.5413405680167823,0.0
514,audi,a6_2.4,4.0,25764,0.2563942230111344,0.6666666666666666
515,audi,a4_1.8_t,4.0,53485,0.5359750685815717,0.6666666666666666
516,bmw,540i,5.0,76053,0.7635852025173471,1.0
517,bmw,318i,4.0,59721,0.5988684040664838,0.6666666666666666
518,bmw,325td,4.0,29955,0.29866265935129904,0.6666666666666666
519,mercedes-benz,e_280,5.0,90219,0.9064567532677101,1.0
520,bmw,523i,4.0,19923,0.19748467000161368,0.6666666666666666
521,vw,passat,4.0,74320,0.7461069872518961,0.6666666666666666
522,audi,a4_1.8,5.0,99494,1.0,1.0
523,vw,golf,5.0,54017,0.5413405680167823,1.0
524,vw,golf,2.0,54017,0.5413405680167823,0.0
525,vw,passat,4.0,74320,0.7461069872518961,0.6666666666666666
526,bmw,535i,4.0,50683,0.5077154268194287,0.6666666666666666
527,mercedes-benz,c_250_diesel,4.0,80615,0.8095953687268033,0.6666666666666666
528,vw,passat,4.0,74320,0.7461069872518961,0.6666666666666666
529,mercedes-benz,e_200,5.0,42307,0.4232390672906245,1.0
530,vw,passat,4.0,74320,0.7461069872518961,0.6666666666666666
531,bmw,520i,4.0,52061,0.5216132806196546,0.6666666666666666
532,mercedes-benz,c_200,5.0,65013,0.6522410037114733,1.0
533,vw,golf,2.0,54017,0.5413405680167823,0.0
534,vw,golf,5.0,54017,0.5413405680167823,1.0
535,vw,golf,5.0,54017,0.5413405680167823,1.0
536,bmw,523i,4.0,19923,0.19748467000161368,0.6666666666666666
537,mercedes-benz,e_290_diesel,4.0,52482,0.525859286751654,0.6666666666666666
538,vw,golf,2.0,54017,0.5413405680167823,0.0
539,bmw,540i,4.0,76053,0.7635852025173471,0.6666666666666666
540,bmw,318i,2.0,59721,0.5988684040664838,0.0
541,vw,golf,2.0,54017,0.5413405680167823,0.0
542,bmw,z3_1.8,2.0,63825,0.6402593997095368,0.0
543,audi,a4_1.9_tdi,5.0,80016,0.8035541390995643,1.0
544,bmw,323i,4.0,342,0.0,0.6666666666666666
545,mercedes-benz,c_200,4.0,65013,0.6522410037114733,0.6666666666666666
546,vw,golf,2.0,54017,0.5413405680167823,0.0
547,mercedes-benz,e_220_diesel,4.0,87459,0.8786207035662418,0.6666666666666666
548,mercedes-benz,c_280,5.0,86835,0.8723273358076489,1.0
549,bmw,520i,5.0,52061,0.5216132806196546,1.0
550,mercedes-benz,e_430,4.0,88221,0.886305873809908,0.6666666666666666
551,bmw,323i,2.0,342,0.0,0.0
552,bmw,316i,5.0,68673,0.6891540261416814,1.0
553,bmw,523i,5.0,19923,0.19748467000161368,1.0
554,audi,a4_1.8_t,4.0,53485,0.5359750685815717,0.6666666666666666
555,bmw,320i,2.0,44406,0.44440858479909634,0.0
556,bmw,328i,2.0,66588,0.6681257059867678,0.0
557,mercedes-benz,c_220_diesel,4.0,88760,0.8917419719218977,0.6666666666666666
558,mercedes-benz,c_180,4.0,2141,0.01814385993222527,0.6666666666666666
559,audi,a4_1.9_tdi,5.0,80016,0.8035541390995643,1.0
560,audi,a6_2.4,4.0,25764,0.2563942230111344,0.6666666666666666
561,mercedes-benz,c_250_diesel,5.0,80615,0.8095953687268033,1.0
562,audi,a6_1.8_t,4.0,8161,0.0788587219622398,0.6666666666666666
563,mercedes-benz,c_240,4.0,52095,0.521956188478296,0.6666666666666666
564,mercedes-benz,c_240,5.0,52095,0.521956188478296,1.0
565,vw,golf,2.0,54017,0.5413405680167823,0.0
566,vw,golf,2.0,54017,0.5413405680167823,0.0
567,vw,golf,2.0,54017,0.5413405680167823,0.0
568,vw,golf,2.0,54017,0.5413405680167823,0.0
569,mercedes-benz,c_240,4.0,52095,0.521956188478296,0.6666666666666666
570,vw,golf,4.0,54017,0.5413405680167823,0.6666666666666666
571,mercedes-benz,c_180,2.0,2141,0.01814385993222527,0.0
572,audi,a4_1.9_tdi,5.0,80016,0.8035541390995643,1.0
573,audi,a4_1.8_t,5.0,53485,0.5359750685815717,1.0
574,bmw,325td,5.0,29955,0.29866265935129904,1.0
575,mercedes-benz,e_320,5.0,78587,0.7891419235113765,1.0
576,bmw,325td,5.0,29955,0.29866265935129904,1.0
577,audi,a4_1.8,5.0,99494,1.0,1.0
578,bmw,523i,5.0,19923,0.19748467000161368,1.0
579,audi,a4_2.8,5.0,26436,0.26317169598192675,1.0
580,audi,a4_1.9_tdi,5.0,80016,0.8035541390995643,1.0
581,bmw,318i,2.0,59721,0.5988684040664838,0.0
582,audi,a6_2.4,4.0,25764,0.2563942230111344,0.6666666666666666
583,bmw,323i,2.0,342,0.0,0.0
584,vw,golf,2.0,54017,0.5413405680167823,0.0
585,vw,golf,2.0,54017,0.5413405680167823,0.0
586,bmw,m3,4.0,92162,0.9260529288365338,0.6666666666666666
587,mercedes-benz,slk_230_kompressor,2.0,26427,0.26308092625463936,0.0
588,bmw,323i,2.0,342,0.0,0.0
589,vw,passat,4.0,74320,0.7461069872518961,0.6666666666666666
590,bmw,325tds,4.0,13021,0.12787437469743423,0.6666666666666666
591,vw,golf,2.0,54017,0.5413405680167823,0.0
592,bmw,528i,5.0,59600,0.597648055510731,1.0
593,audi,a4_1.8_t,4.0,53485,0.5359750685815717,0.6666666666666666
594,bmw,316i,2.0,68673,0.6891540261416814,0.0
595,audi,a4_2.8,5.0,26436,0.26317169598192675,1.0
596,audi,a4_1.9_tdi,5.0,80016,0.8035541390995643,1.0
597,vw,golf,5.0,54017,0.5413405680167823,1.0
598,vw,golf,2.0,54017,0.5413405680167823,0.0
599,vw,golf,5.0,54017,0.5413405680167823,1.0
600,vw,passat,4.0,74320,0.7461069872518961,0.6666666666666666
601,vw,golf,2.0,54017,0.5413405680167823,0.0
602,mercedes-benz,c_280,4.0,86835,0.8723273358076489,0.6666666666666666
603,vw,golf,2.0,54017,0.5413405680167823,0.0
604,mercedes-benz,slk_230_kompressor,2.0,26427,0.26308092625463936,0.0
605,bmw,520i,5.0,52061,0.5216132806196546,1.0
606,mercedes-benz,e_220_diesel,4.0,87459,0.8786207035662418,0.6666666666666666
607,vw,golf,5.0,54017,0.5413405680167823,1.0
608,vw,passat,5.0,74320,0.7461069872518961,1.0
609,audi,a4_1.8,4.0,99494,1.0,0.6666666666666666
610,bmw,z3_1.8,2.0,63825,0.6402593997095368,0.0
611,bmw,320i,4.0,44406,0.44440858479909634,0.6666666666666666
612,audi,a6_1.8_t,4.0,8161,0.0788587219622398,0.6666666666666666
613,mercedes-benz,e_290_diesel,4.0,52482,0.525859286751654,0.6666666666666666
614,mercedes-benz,c_240,4.0,52095,0.521956188478296,0.6666666666666666
615,mercedes-benz,e_290_diesel,4.0,52482,0.525859286751654,0.6666666666666666
616,mercedes-benz,c_240,4.0,52095,0.521956188478296,0.6666666666666666
617,mercedes-benz,c_200,4.0,65013,0.6522410037114733,0.6666666666666666
618,bmw,535i,4.0,50683,0.5077154268194287,0.6666666666666666
619,bmw,316i,5.0,68673,0.6891540261416814,1.0
620,vw,golf,2.0,54017,0.5413405680167823,0.0
621,bmw,525tds,4.0,90061,0.9048632402775536,0.6666666666666666
622,bmw,525tds,5.0,90061,0.9048632402775536,1.0
623,vw,golf,5.0,54017,0.5413405680167823,1.0
624,bmw,325tds,5.0,13021,0.12787437469743423,1.0
625,mercedes-benz,c_250_diesel,5.0,80615,0.8095953687268033,1.0
626,bmw,525tds,4.0,90061,0.9048632402775536,0.6666666666666666
627,vw,passat,4.0,74320,0.7461069872518961,0.6666666666666666
628,vw,golf,2.0,54017,0.5413405680167823,0.0
629,bmw,525tds,4.0,90061,0.9048632402775536,0.6666666666666666
630,audi,a6_1.9_tdi,4.0,47038,0.47095368726803294,0.6666666666666666
631,audi,a6_2.8,4.0,93683,0.9413930127481039,0.6666666666666666
632,bmw,325tds,4.0,13021,0.12787437469743423,0.6666666666666666
633,bmw,328i,2.0,66588,0.6681257059867678,0.0
634,mercedes-benz,e_200,4.0,42307,0.4232390672906245,0.6666666666666666
635,bmw,316i,4.0,68673,0.6891540261416814,0.6666666666666666
636,bmw,z3_2.8,2.0,96769,0.972516943682427,0.0
637,vw,golf,5.0,54017,0.5413405680167823,1.0
638,vw,passat,4.0,74320,0.7461069872518961,0.6666666666666666
639,audi,a4_1.8,5.0,99494,1.0,1.0
640,bmw,523i,5.0,19923,0.19748467000161368,1.0
641,vw,golf,5.0,54017,0.5413405680167823,1.0
642,bmw,316i,2.0,68673,0.6891540261416814,0.0
643,vw,golf,2.0,54017,0.5413405680167823,0.0
644,vw,golf,2.0,54017,0.5413405680167823,0.0
645,vw,golf,2.0,54017,0.5413405680167823,0.0
646,vw,golf,5.0,54017,0.5413405680167823,1.0
647,mercedes-benz,c_280,4.0,86835,0.8723273358076489,0.6666666666666666
648,bmw,325tds,4.0,13021,0.12787437469743423,0.6666666666666666
649,bmw,528i,4.0,59600,0.597648055510731,0.6666666666666666
650,vw,golf,2.0,54017,0.5413405680167823,0.0
651,vw,golf,2.0,54017,0.5413405680167823,0.0
652,bmw,323i,4.0,342,0.0,0.6666666666666666
653,vw,golf,2.0,54017,0.5413405680167823,0.0
654,mercedes-benz,c_230_kompressor,4.0,92575,0.9302182507664999,0.6666666666666666
655,bmw,m3,2.0,92162,0.9260529288365338,0.0
656,bmw,535i,5.0,50683,0.5077154268194287,1.0
657,mercedes-benz,c_280,4.0,86835,0.8723273358076489,0.6666666666666666
658,vw,passat,4.0,74320,0.7461069872518961,0.6666666666666666
659,bmw,325td,4.0,29955,0.29866265935129904,0.6666666666666666
660,audi,a4_2.8,4.0,26436,0.26317169598192675,0.6666666666666666
661,vw,golf,2.0,54017,0.5413405680167823,0.0
662,bmw,525tds,5.0,90061,0.9048632402775536,1.0
663,bmw,535i,4.0,50683,0.5077154268194287,0.6666666666666666
664,vw,golf,2.0,54017,0.5413405680167823,0.0
665,mercedes-benz,c_230_kompressor,4.0,92575,0.9302182507664999,0.6666666666666666
666,vw,passat,4.0,74320,0.7461069872518961,0.6666666666666666
667,mercedes-benz,c_280,5.0,86835,0.8723273358076489,1.0
668,vw,golf,5.0,54017,0.5413405680167823,1.0
669,vw,golf,2.0,54017,0.5413405680167823,0.0
670,bmw,520i,5.0,52061,0.5216132806196546,1.0
671,bmw,z3_1.9,2.0,87064,0.8746369210908504,0.0
672,audi,a4_1.6,4.0,31414,0.3133774406971115,0.6666666666666666
673,audi,a4_1.9_tdi,4.0,80016,0.8035541390995643,0.6666666666666666
674,mercedes-benz,c_230_kompressor,4.0,92575,0.9302182507664999,0.6666666666666666
675,bmw,540i,4.0,76053,0.7635852025173471,0.6666666666666666
676,vw,golf,2.0,54017,0.5413405680167823,0.0
677,audi,a6_2.4,4.0,25764,0.2563942230111344,0.6666666666666666
678,mercedes-benz,e_300_diesel,4.0,43515,0.43542238179764403,0.6666666666666666
679,bmw,525tds,5.0,90061,0.9048632402775536,1.0
680,mercedes-benz,c_220_diesel,4.0,88760,0.8917419719218977,0.6666666666666666
681,vw,golf,5.0,54017,0.5413405680167823,1.0
682,mercedes-benz,c_240,5.0,52095,0.521956188478296,1.0
683,audi,a4_1.8,5.0,99494,1.0,1.0
684,vw,golf,2.0,54017,0.5413405680167823,0.0
685,bmw,316i,2.0,68673,0.6891540261416814,0.0
686,audi,a4_1.9_tdi,5.0,80016,0.8035541390995643,1.0
687,bmw,316i,4.0,68673,0.6891540261416814,0.6666666666666666
688,bmw,323i,4.0,342,0.0,0.6666666666666666
689,mercedes-benz,c_180,4.0,2141,0.01814385993222527,0.6666666666666666
690,audi,a4_1.8_t,4.0,53485,0.5359750685815717,0.6666666666666666
691,bmw,316i,2.0,68673,0.6891540261416814,0.0
692,vw,golf,2.0,54017,0.5413405680167823,0.0
693,bmw,316i,2.0,68673,0.6891540261416814,0.0
694,vw,golf,2.0,54017,0.5413405680167823,0.0
695,bmw,525tds,5.0,90061,0.9048632402775536,1.0
696,vw,golf,2.0,54017,0.5413405680167823,0.0
697,vw,passat,5.0,74320,0.7461069872518961,1.0
698,bmw,520i,5.0,52061,0.5216132806196546,1.0
699,bmw,328i,2.0,66588,0.6681257059867678,0.0
700,vw,golf,2.0,54017,0.5413405680167823,0.0
701,audi,a4_1.6,5.0,31414,0.3133774406971115,1.0
702,mercedes-benz,c_200,5.0,65013,0.6522410037114733,1.0
703,bmw,316i,2.0,68673,0.6891540261416814,0.0
704,vw,golf,2.0,54017,0.5413405680167823,0.0
705,mercedes-benz,c_200,5.0,65013,0.6522410037114733,1.0
706,mercedes-benz,e_430,4.0,88221,0.886305873809908,0.6666666666666666
707,mercedes-benz,c_280,5.0,86835,0.8723273358076489,1.0
708,bmw,m3,2.0,92162,0.9260529288365338,0.0
709,bmw,535i,5.0,50683,0.5077154268194287,1.0
710,bmw,318i,4.0,59721,0.5988684040664838,0.6666666666666666
711,bmw,323i,4.0,342,0.0,0.6666666666666666
712,audi,a4_1.9_tdi,4.0,80016,0.8035541390995643,0.6666666666666666
713,vw,passat,4.0,74320,0.7461069872518961,0.6666666666666666
714,bmw,328i,2.0,66588,0.6681257059867678,0.0
715,bmw,528i,4.0,59600,0.597648055510731,0.6666666666666666
716,bmw,528i,5.0,59600,0.597648055510731,1.0
717,audi,a4_2.8,5.0,26436,0.26317169598192675,1.0
718,bmw,323i,2.0,342,0.0,0.0
719,mercedes-benz,e_300_diesel,5.0,43515,0.43542238179764403,1.0
720,vw,golf,2.0,54017,0.5413405680167823,0.0
721,mercedes-benz,c_220_diesel,5.0,88760,0.8917419719218977,1.0
722,vw,golf,2.0,54017,0.5413405680167823,0.0
723,mercedes-benz,c_280,4.0,86835,0.8723273358076489,0.6666666666666666
724,audi,a6_2.4,4.0,25764,0.2563942230111344,0.6666666666666666
725,mercedes-benz,e_220_diesel,4.0,87459,0.8786207035662418,0.6666666666666666
726,mercedes-benz,c_200,4.0,65013,0.6522410037114733,0.6666666666666666
727,vw,golf,5.0,54017,0.5413405680167823,1.0
728,vw,golf,2.0,54017,0.5413405680167823,0.0
729,bmw,318i,5.0,59721,0.5988684040664838,1.0
730,bmw,325td,5.0,29955,0.29866265935129904,1.0
731,mercedes-benz,e_320,4.0,78587,0.7891419235113765,0.6666666666666666
732,mercedes-benz,c_220_diesel,4.0,88760,0.8917419719218977,0.6666666666666666
733,vw,golf,5.0,54017,0.5413405680167823,1.0
734,bmw,523i,4.0,19923,0.19748467000161368,0.6666666666666666
735,vw,golf,2.0,54017,0.5413405680167823,0.0
736,mercedes-benz,c_280,4.0,86835,0.8723273358076489,0.6666666666666666
737,mercedes-benz,c_220_diesel,4.0,88760,0.8917419719218977,0.6666666666666666
738,vw,golf,5.0,54017,0.5413405680167823,1.0
739,bmw,520i,4.0,52061,0.5216132806196546,0.6666666666666666
740,audi,a4_1.6,5.0,31414,0.3133774406971115,1.0
741,bmw,318i,2.0,59721,0.5988684040664838,0.0
742,vw,golf,5.0,54017,0.5413405680167823,1.0
743,bmw,318i,2.0,59721,0.5988684040664838,0.0
744,bmw,328i,2.0,66588,0.6681257059867678,0.0
745,mercedes-benz,e_300_diesel,5.0,43515,0.43542238179764403,1.0
746,mercedes-benz,c_230_kompressor,4.0,92575,0.9302182507664999,0.6666666666666666
747,vw,passat,5.0,74320,0.7461069872518961,1.0
748,mercedes-benz,e_200,5.0,42307,0.4232390672906245,1.0
749,vw,passat,5.0,74320,0.7461069872518961,1.0
750,bmw,316i,2.0,68673,0.6891540261416814,0.0
751,vw,golf,5.0,54017,0.5413405680167823,1.0
752,bmw,520i,4.0,52061,0.5216132806196546,0.6666666666666666
753,vw,golf,2.0,54017,0.5413405680167823,0.0
754,bmw,320i,4.0,44406,0.44440858479909634,0.6666666666666666
755,audi,a4_1.6,4.0,31414,0.3133774406971115,0.6666666666666666
756,vw,golf,2.0,54017,0.5413405680167823,0.0
757,bmw,325td,5.0,29955,0.29866265935129904,1.0
758,audi,a4_1.9_tdi,5.0,80016,0.8035541390995643,1.0
759,bmw,525tds,4.0,90061,0.9048632402775536,0.6666666666666666
760,audi,a4_2.8,5.0,26436,0.26317169598192675,1.0
761,bmw,525tds,5.0,90061,0.9048632402775536,1.0
762,bmw,325td,4.0,29955,0.29866265935129904,0.6666666666666666
763,mercedes-benz,e_320,4.0,78587,0.7891419235113765,0.6666666666666666
764,vw,passat,5.0,74320,0.7461069872518961,1.0
765,bmw,z3_2.8,2.0,96769,0.972516943682427,0.0
766,mercedes-benz,c_280,4.0,86835,0.8723273358076489,0.6666666666666666
767,bmw,540i,4.0,76053,0.7635852025173471,0.6666666666666666
768,mercedes-benz,c_230_kompressor,5.0,92575,0.9302182507664999,1.0
769,mercedes-benz,e_320,4.0,78587,0.7891419235113765,0.6666666666666666
770,bmw,325td,5.0,29955,0.29866265935129904,1.0
771,mercedes-benz,e_280,4.0,90219,0.9064567532677101,0.6666666666666666
772,vw,golf,2.0,54017,0.5413405680167823,0.0
773,vw,golf,2.0,54017,0.5413405680167823,0.0
774,vw,golf,2.0,54017,0.5413405680167823,0.0
775,mercedes-benz,e_430,4.0,88221,0.886305873809908,0.6666666666666666
776,bmw,525tds,4.0,90061,0.9048632402775536,0.6666666666666666
777,mercedes-benz,c_180,4.0,2141,0.01814385993222527,0.6666666666666666
778,vw,passat,5.0,74320,0.7461069872518961,1.0
779,bmw,540i,5.0,76053,0.7635852025173471,1.0
780,bmw,318i,2.0,59721,0.5988684040664838,0.0
781,vw,golf,2.0,54017,0.5413405680167823,0.0
782,mercedes-benz,e_220_diesel,5.0,87459,0.8786207035662418,1.0
783,vw,golf,2.0,54017,0.5413405680167823,0.0
784,bmw,528i,5.0,59600,0.597648055510731,1.0
785,vw,golf,2.0,54017,0.5413405680167823,0.0
786,bmw,325tds,5.0,13021,0.12787437469743423,1.0
787,bmw,m3,2.0,92162,0.9260529288365338,0.0
788,bmw,325td,5.0,29955,0.29866265935129904,1.0
789,bmw,320i,2.0,44406,0.44440858479909634,0.0
790,mercedes-benz,c_240,4.0,52095,0.521956188478296,0.6666666666666666
791,vw,passat,4.0,74320,0.7461069872518961,0.6666666666666666
792,audi,a4_1.9_tdi,5.0,80016,0.8035541390995643,1.0
793,bmw,320i,2.0,44406,0.44440858479909634,0.0
794,bmw,m3,2.0,92162,0.9260529288365338,0.0
795,audi,a4_2.8,5.0,26436,0.26317169598192675,1.0
796,mercedes-benz,e_220_diesel,4.0,87459,0.8786207035662418,0.6666666666666666
797,vw,golf,2.0,54017,0.5413405680167823,0.0
798,vw,passat,5.0,74320,0.7461069872518961,1.0
799,vw,passat,5.0,74320,0.7461069872518961,1.0
800,audi,a4_1.9_tdi,5.0,80016,0.8035541390995643,1.0
801,vw,passat,4.0,74320,0.7461069872518961,0.6666666666666666
802,audi,a4_1.6,5.0,31414,0.3133774406971115,1.0
803,vw,passat,4.0,74320,0.7461069872518961,0.6666666666666666
804,mercedes-benz,e_220_diesel,4.0,87459,0.8786207035662418,0.6666666666666666
805,mercedes-benz,c_250_diesel,5.0,80615,0.8095953687268033,1.0
806,bmw,528i,5.0,59600,0.597648055510731,1.0
807,vw,golf,5.0,54017,0.5413405680167823,1.0
808,vw,golf,2.0,54017,0.5413405680167823,0.0
809,bmw,z3_1.8,2.0,63825,0.6402593997095368,0.0
810,vw,passat,4.0,74320,0.7461069872518961,0.6666666666666666
811,vw,golf,2.0,54017,0.5413405680167823,0.0
812,mercedes-benz,e_280,5.0,90219,0.9064567532677101,1.0
813,bmw,z3_1.8,2.0,63825,0.6402593997095368,0.0
814,vw,golf,5.0,54017,0.5413405680167823,1.0
815,bmw,318i,5.0,59721,0.5988684040664838,1.0
816,vw,golf,2.0,54017,0.5413405680167823,0.0
817,vw,passat,4.0,74320,0.7461069872518961,0.6666666666666666
818,mercedes-benz,c_220_diesel,4.0,88760,0.8917419719218977,0.6666666666666666
819,mercedes-benz,c_240,4.0,52095,0.521956188478296,0.6666666666666666
820,bmw,z3_1.8,2.0,63825,0.6402593997095368,0.0
821,audi,a6_1.8_t,4.0,8161,0.0788587219622398,0.6666666666666666
822,vw,golf,2.0,54017,0.5413405680167823,0.0
823,vw,passat,4.0,74320,0.7461069872518961,0.6666666666666666
824,bmw,535i,5.0,50683,0.5077154268194287,1.0
825,vw,golf,5.0,54017,0.5413405680167823,1.0
826,vw,golf,2.0,54017,0.5413405680167823,0.0
827,mercedes-benz,c_280,4.0,86835,0.8723273358076489,0.6666666666666666
828,bmw,z3_2.8,2.0,96769,0.972516943682427,0.0
829,bmw,328i,2.0,66588,0.6681257059867678,0.0
830,vw,golf,2.0,54017,0.5413405680167823,0.0
831,audi,a4_1.8,4.0,99494,1.0,0.6666666666666666
832,vw,passat,4.0,74320,0.7461069872518961,0.6666666666666666
833,audi,a4_1.8_t,5.0,53485,0.5359750685815717,1.0
834,mercedes-benz,c_220_diesel,5.0,88760,0.8917419719218977,1.0
835,bmw,323i,2.0,342,0.0,0.0
836,vw,golf,2.0,54017,0.5413405680167823,0.0
837,mercedes-benz,c_220_diesel,5.0,88760,0.8917419719218977,1.0
838,vw,golf,2.0,54017,0.5413405680167823,0.0
839,bmw,z3_1.8,2.0,63825,0.6402593997095368,0.0
840,vw,golf,2.0,54017,0.5413405680167823,0.0
841,vw,golf,2.0,54017,0.5413405680167823,0.0
842,bmw,323i,2.0,342,0.0,0.0
843,mercedes-benz,c_200,4.0,65013,0.6522410037114733,0.6666666666666666
844,vw,passat,5.0,74320,0.7461069872518961,1.0
845,vw,golf,2.0,54017,0.5413405680167823,0.0
846,audi,a4_1.8,5.0,99494,1.0,1.0
847,mercedes-benz,slk_230_kompressor,2.0,26427,0.26308092625463936,0.0
848,vw,passat,4.0,74320,0.7461069872518961,0.6666666666666666
849,vw,golf,2.0,54017,0.5413405680167823,0.0
850,vw,golf,2.0,54017,0.5413405680167823,0.0
851,mercedes-benz,e_430,5.0,88221,0.886305873809908,1.0
852,audi,a4_1.6,4.0,31414,0.3133774406971115,0.6666666666666666
853,vw,golf,5.0,54017,0.5413405680167823,1.0
854,mercedes-benz,e_280,5.0,90219,0.9064567532677101,1.0
855,bmw,z3_1.8,2.0,63825,0.6402593997095368,0.0
856,vw,passat,4.0,74320,0.7461069872518961,0.6666666666666666
857,bmw,316i,4.0,68673,0.6891540261416814,0.6666666666666666
858,bmw,325tds,4.0,13021,0.12787437469743423,0.6666666666666666
859,mercedes-benz,c_180,5.0,2141,0.01814385993222527,1.0
860,bmw,318i,2.0,59721,0.5988684040664838,0.0
861,mercedes-benz,e_220_diesel,5.0,87459,0.8786207035662418,1.0
862,mercedes-benz,c_240,4.0,52095,0.521956188478296,0.6666666666666666
863,mercedes-benz,e_430,4.0,88221,0.886305873809908,0.6666666666666666
864,mercedes-benz,e_430,4.0,88221,0.886305873809908,0.6666666666666666
865,mercedes-benz,e_290_diesel,4.0,52482,0.525859286751654,0.6666666666666666
866,vw,golf,2.0,54017,0.5413405680167823,0.0
867,bmw,320i,2.0,44406,0.44440858479909634,0.0
868,bmw,323i,5.0,342,0.0,1.0
869,vw,passat,4.0,74320,0.7461069872518961,0.6666666666666666
870,audi,a4_1.8,4.0,99494,1.0,0.6666666666666666
871,audi,a6_1.8_t,4.0,8161,0.0788587219622398,0.6666666666666666
872,vw,golf,5.0,54017,0.5413405680167823,1.0
873,vw,passat,4.0,74320,0.7461069872518961,0.6666666666666666
874,mercedes-benz,e_290_diesel,4.0,52482,0.525859286751654,0.6666666666666666
875,vw,passat,5.0,74320,0.7461069872518961,1.0
876,mercedes-benz,e_320,5.0,78587,0.7891419235113765,1.0
877,bmw,m3,4.0,92162,0.9260529288365338,0.6666666666666666
878,bmw,328i,2.0,66588,0.6681257059867678,0.0
879,mercedes-benz,e_300_diesel,5.0,43515,0.43542238179764403,1.0
880,vw,passat,4.0,74320,0.7461069872518961,0.6666666666666666
881,mercedes-benz,c_220_diesel,5.0,88760,0.8917419719218977,1.0
882,audi,a4_1.9_tdi,5.0,80016,0.8035541390995643,1.0
883,bmw,323i,4.0,342,0.0,0.6666666666666666
884,bmw,m3,2.0,92162,0.9260529288365338,0.0
885,bmw,323i,5.0,342,0.0,1.0
886,vw,passat,5.0,74320,0.7461069872518961,1.0
887,audi,a4_1.9_tdi,4.0,80016,0.8035541390995643,0.6666666666666666
888,vw,golf,5.0,54017,0.5413405680167823,1.0
889,vw,passat,4.0,74320,0.7461069872518961,0.6666666666666666
890,bmw,540i,4.0,76053,0.7635852025173471,0.6666666666666666
891,vw,golf,2.0,54017,0.5413405680167823,0.0
892,audi,a4_1.6,5.0,31414,0.3133774406971115,1.0
893,vw,passat,4.0,74320,0.7461069872518961,0.6666666666666666
894,bmw,323i,2.0,342,0.0,0.0
895,vw,golf,2.0,54017,0.5413405680167823,0.0
896,audi,a4_1.9_tdi,5.0,80016,0.8035541390995643,1.0
897,bmw,528i,4.0,59600,0.597648055510731,0.6666666666666666
898,audi,a4_1.8_t,4.0,53485,0.5359750685815717,0.6666666666666666
899,vw,passat,4.0,74320,0.7461069872518961,0.6666666666666666
900,audi,a4_2.8,4.0,26436,0.26317169598192675,0.6666666666666666
901,bmw,m3,2.0,92162,0.9260529288365338,0.0
902,vw,passat,4.0,74320,0.7461069872518961,0.6666666666666666
903,audi,a4_1.8,5.0,99494,1.0,1.0
904,vw,golf,5.0,54017,0.5413405680167823,1.0
905,audi,a6_2.8,4.0,93683,0.9413930127481039,0.6666666666666666
906,vw,golf,5.0,54017,0.5413405680167823,1.0
907,mercedes-benz,c_250_diesel,5.0,80615,0.8095953687268033,1.0
908,audi,a4_2.8,5.0,26436,0.26317169598192675,1.0
909,mercedes-benz,c_250_diesel,5.0,80615,0.8095953687268033,1.0
910,vw,golf,5.0,54017,0.5413405680167823,1.0
911,bmw,320i,2.0,44406,0.44440858479909634,0.0
912,bmw,323i,4.0,342,0.0,0.6666666666666666
913,bmw,m3,2.0,92162,0.9260529288365338,0.0
914,mercedes-benz,c_220_diesel,5.0,88760,0.8917419719218977,1.0
915,bmw,316i,2.0,68673,0.6891540261416814,0.0
916,vw,golf,2.0,54017,0.5413405680167823,0.0
917,vw,golf,2.0,54017,0.5413405680167823,0.0
918,bmw,540i,4.0,76053,0.7635852025173471,0.6666666666666666
919,mercedes-benz,e_290_diesel,4.0,52482,0.525859286751654,0.6666666666666666
920,vw,golf,2.0,54017,0.5413405680167823,0.0
921,mercedes-benz,c_230_kompressor,4.0,92575,0.9302182507664999,0.6666666666666666
922,audi,a6_2.4,4.0,25764,0.2563942230111344,0.6666666666666666
923,audi,a4_1.6,4.0,31414,0.3133774406971115,0.6666666666666666
924,mercedes-benz,e_430,5.0,88221,0.886305873809908,1.0
925,mercedes-benz,e_220_diesel,5.0,87459,0.8786207035662418,1.0
926,bmw,323i,2.0,342,0.0,0.0
927,mercedes-benz,e_290_diesel,4.0,52482,0.525859286751654,0.6666666666666666
928,bmw,z3_1.8,2.0,63825,0.6402593997095368,0.0
929,mercedes-benz,e_320,5.0,78587,0.7891419235113765,1.0
930,audi,a4_1.9_tdi,4.0,80016,0.8035541390995643,0.6666666666666666
931,bmw,528i,5.0,59600,0.597648055510731,1.0
932,vw,passat,4.0,74320,0.7461069872518961,0.6666666666666666
933,bmw,328i,4.0,66588,0.6681257059867678,0.6666666666666666
934,audi,a4_1.8_t,5.0,53485,0.5359750685815717,1.0
935,mercedes-benz,c_220_diesel,5.0,88760,0.8917419719218977,1.0
936,vw,golf,2.0,54017,0.5413405680167823,0.0
937,bmw,320i,2.0,44406,0.44440858479909634,0.0
938,bmw,528i,4.0,59600,0.597648055510731,0.6666666666666666
939,mercedes-benz,c_220_diesel,5.0,88760,0.8917419719218977,1.0
940,bmw,m3,2.0,92162,0.9260529288365338,0.0
941,vw,golf,2.0,54017,0.5413405680167823,0.0
942,bmw,520i,5.0,52061,0.5216132806196546,1.0
943,bmw,316i,4.0,68673,0.6891540261416814,0.6666666666666666
944,vw,golf,2.0,54017,0.5413405680167823,0.0
945,bmw,323i,2.0,342,0.0,0.0
946,vw,passat,5.0,74320,0.7461069872518961,1.0
947,vw,passat,5.0,74320,0.7461069872518961,1.0
948,vw,golf,5.0,54017,0.5413405680167823,1.0
949,bmw,325td,4.0,29955,0.29866265935129904,0.6666666666666666
950,bmw,520i,4.0,52061,0.5216132806196546,0.6666666666666666
951,vw,golf,5.0,54017,0.5413405680167823,1.0
952,bmw,540i,4.0,76053,0.7635852025173471,0.6666666666666666
953,vw,passat,5.0,74320,0.7461069872518961,1.0
954,bmw,525tds,4.0,90061,0.9048632402775536,0.6666666666666666
955,bmw,316i,4.0,68673,0.6891540261416814,0.6666666666666666
956,vw,passat,5.0,74320,0.7461069872518961,1.0
